Name,Created,标签
精灵图做GIF动画,"October 28, 2021 6:39 AM",代码
用CSS绘制内高光,"September 8, 2021 3:57 PM","css, 代码"
文件下载,"July 29, 2021 5:22 PM","JS, 下载, 代码, 文件"
获取查询字符串,"June 17, 2021 9:18 AM","JS, 代码"
设置循环任务的推荐做法,"June 16, 2021 9:56 AM","JS, 代码"
用Jquery动态append加入标签时css样式丢失的解决方法,"June 11, 2021 6:10 PM","jQuery, 代码"
禁止手机端网页点击input输入框弹出输入法,"June 9, 2021 3:29 PM","html, 代码"
无限滚动条,"June 4, 2021 3:39 PM","css, 代码"
获取上传图片的尺寸信息,"June 3, 2021 10:12 AM","JS, 代码"
element 表格长度超出自动隐藏,"May 29, 2021 5:52 PM",代码
使用base64图片,"May 22, 2021 11:22 AM","html, 代码"
url传参存在中文乱码问题,"April 30, 2021 6:48 PM","JS, 代码"
点击保存图片,"April 27, 2021 2:00 PM","JS, vue, 代码"
字符串拼接\n不换行,"April 23, 2021 5:17 PM","css, 代码"
nwjs窗口自定义拖拽区域,"April 23, 2021 11:35 AM","nw.js, 代码"
6位数验证码,"April 20, 2021 4:25 PM","vue, 代码"
axios网络模块封装,"April 19, 2021 10:22 PM","axios, 代码"
vue.config.js 配置默认路径,"April 15, 2021 11:21 PM","vue, 代码"
css定义变量,"April 15, 2021 10:55 PM","css, 代码"
nwjs禁用开发工具,"April 15, 2021 4:21 PM","json, nw.js, 代码"
nwjs关闭主页面时关闭其余页面,"April 12, 2021 10:48 AM","nw.js, 代码"
axios封装,"April 9, 2021 11:25 AM","JS, 代码"
滚动条样式设置,"April 9, 2021 11:19 AM","css, 代码"
loading,"November 21, 2021 8:16 PM","css, 代码"
波纹动态效果,"November 21, 2021 7:46 PM","css, 代码"
段落文字溢出后显示省略号,"November 21, 2021 7:44 PM","css, 代码"
内容无限滚动显示,"May 14, 2022 5:51 PM",css
element表格动态高度响应,"April 9, 2021 11:07 AM","JS, 代码"
html页面中的页面跳转,"December 10, 2021 3:50 PM","JS, 页面跳转"
将网络图片转为base64,"November 25, 2021 3:07 PM","JS, base64, 图片"
检测页面js文件是否加载完成,"November 24, 2021 8:53 PM","JS, 代码"
forEach和for,"November 8, 2021 9:52 AM","JS, forEach, how"
去除数组中的重复值,"November 8, 2021 9:21 AM","ES6, JS"
获取格式化时间,"October 20, 2021 2:20 PM","JS, 格式化时间"
点击上传图片,"September 17, 2021 11:52 AM","JS, 上传, 图片"
将页面DOM元素转化为canvas,"September 14, 2021 7:23 PM","JS, canvas, html2canvas"
限制字数，多余以...显示,"August 4, 2021 6:01 PM","JS, vue, 字数超出指定长度"
百度地图点击获取地址,"July 17, 2021 10:50 PM","JS, 百度地图, 获取地址"
封装组件(基于Vue),"July 14, 2021 6:27 PM","JS, vue, 组件封装"
Echarts大小自适应,"July 9, 2021 11:28 AM","Echarts, JS"
渲染大数据,"May 14, 2022 9:07 AM",JS
封装axios,"May 17, 2022 2:59 PM","JS, axios"
使页面滚动到对应高度,"May 20, 2022 10:22 AM",JS
打开x5调试面板>勾选显示调试面板，进入任意H5页面就会卡死,"June 9, 2021 10:07 AM","微信, 调试面板"
输入框默认获得焦点并选中文本,"July 3, 2021 2:53 PM",输入框
输入框校验是否为空的正则,"July 3, 2021 3:01 PM","正则, 输入框"
下载base64格式的图片,"July 29, 2021 9:35 PM","base64, 下载, 图片"
项目用依赖文件,"November 7, 2021 1:55 PM","依赖, 项目"
nvm、nrm、npm、npx、yarn,"May 21, 2022 8:36 AM","npm, 工具"
vue 定义元素拖动事件,"May 24, 2022 9:59 AM","directives, v-drag, vue"
img懒加载,"May 28, 2022 9:03 PM","img, lazy"
vue 定义输入框自动聚焦,"June 2, 2022 11:58 AM","directives, v-focus, vue"
大文件上传,"June 3, 2022 9:15 PM","JS, 上传文件"
防抖、节流,"June 4, 2022 10:06 AM",JS
压缩图片,"June 5, 2022 9:06 PM","JS, 压缩图片"
下拉刷新、上拉加载,"June 6, 2022 8:04 PM",JS
DOM 兼容,"June 12, 2022 1:04 PM","JS, dom"
轮询图,"June 22, 2022 10:59 AM",