Name,简介,Tags,Column
Three.js,JS三维模型库,"js, 图形动效",http://www.webgl3d.cn/
electron,桌面端软件开发,框架,https://www.electronjs.org/
Node.js,服务器端的Javascript运行环境,js,https://nodejs.org/zh-cn/
Webpack,语法转换工具,工具,
Koa2,web开发框架,框架,
MongoDB,非关系数据库,数据库,
vant,手机端vue框架,工具,https://youzan.github.io/vant/#/zh-CN/cascader
element,前端框架,框架,
rollup.js,js模块打包器,工具,
D3.js,动态效果模型,"js, 图形动效",https://d3js.org/
Apache ECharts,开源可视化图标库,"js, 图标库",https://echarts.apache.org/zh/index.html
Treer,生成项目目录结构,工具,
element,前端组件库,"工具, 框架",https://element.eleme.cn/#/zh-CN
Vue,js框架,框架,
html2canvas,可将 htmldom 转为 canvas 元素,工具,http://html2canvas.hertzen.com/
liunx,,,
起名神器,自动匹配合适变量名,工具,https://unbug.github.io/codelf/
JSHint,代码分析检测工具,工具,https://jshint.com/
BrowserStack,网站浏览器兼容性测试,工具,https://www.browserstack.com/
TinyPng,图片压缩,工具,https://tinypng.com/
vite,,,
nuxt,服务端渲染,工具,https://www.nuxtjs.cn/